date,open,close,high,low,volume,pct_change
2024-08-30,19.04,19.36,19.9,18.86,18842100.0,
2024-09-02,19.31,19.3,19.56,19.09,12556900.0,-0.31
2024-09-03,19.32,19.16,19.42,19.02,11615800.0,-0.73
2024-09-04,19.04,18.98,19.18,18.78,10217400.0,-0.94
2024-09-05,18.98,19.38,19.4,18.93,11745300.0,2.11
2024-09-06,19.37,19.23,19.44,19.19,6380100.0,-0.77
2024-09-09,19.13,18.86,19.31,18.79,9095900.0,-1.92
2024-09-10,18.76,18.25,18.85,18.14,17270900.0,-3.23
2024-09-11,18.23,18.46,18.56,18.05,11323100.0,1.15
2024-09-12,18.44,18.6,18.74,18.32,11362600.0,0.76
2024-09-13,18.66,18.52,18.99,18.43,12605000.0,-0.43
2024-09-18,18.53,18.67,18.76,18.44,10410800.0,0.81
2024-09-19,18.69,18.37,18.82,18.25,24744600.0,-1.61
2024-09-20,18.32,18.31,18.39,17.97,18210000.0,-0.33
2024-09-23,18.25,18.51,18.51,18.23,12484000.0,1.09
2024-09-24,18.65,19.35,19.4,18.51,26196500.0,4.54
2024-09-25,19.94,19.95,20.66,19.94,36494800.0,3.1
2024-09-26,19.92,21.53,21.56,19.85,38904300.0,7.92
2024-09-27,22.44,22.64,22.79,21.89,26717300.0,5.16
2024-09-30,23.94,24.58,24.91,23.63,83573500.0,8.57
2024-10-08,27.19,24.68,27.19,23.97,94938400.0,0.41
2024-10-09,24.34,22.53,24.34,22.21,61828700.0,-8.71
2024-10-10,22.53,23.41,24.0,22.28,41104500.0,3.91
2024-10-11,23.24,23.31,23.74,23.09,26380300.0,-0.43
2024-10-14,23.57,24.21,24.59,23.57,45523700.0,3.86
2024-10-15,24.14,23.91,24.6,23.76,28638900.0,-1.24
2024-10-16,23.64,24.04,24.6,23.54,34669000.0,0.54
2024-10-17,24.29,23.42,24.45,23.39,26532900.0,-2.58
2024-10-18,23.41,23.58,23.95,22.77,30104400.0,0.68
2024-10-21,23.58,23.56,23.69,22.99,24040400.0,-0.08
2024-10-22,23.64,23.66,23.67,23.32,14883400.0,0.42
2024-10-23,23.69,23.92,24.07,23.59,20447000.0,1.1
2024-10-24,23.82,23.54,23.97,23.46,9329900.0,-1.59
2024-10-25,23.55,23.89,24.1,23.54,18296700.0,1.49
2024-10-28,23.9,24.75,24.88,23.88,43888100.0,3.6
2024-10-29,24.71,24.62,25.04,24.26,21550100.0,-0.53
2024-10-30,24.34,25.23,25.51,24.29,43821200.0,2.48
2024-10-31,25.51,25.19,25.52,24.82,23537000.0,-0.16
2024-11-01,25.08,25.24,25.57,25.03,21838800.0,0.2
2024-11-04,25.27,25.02,25.36,24.64,18149600.0,-0.87
2024-11-05,25.03,25.49,25.64,24.92,22606100.0,1.88
2024-11-06,25.52,25.26,25.59,24.89,21545800.0,-0.9
2024-11-07,25.12,26.14,26.19,25.09,30914400.0,3.48
2024-11-08,26.25,25.56,26.32,25.47,25163300.0,-2.22
2024-11-11,25.39,25.0,25.39,24.8,21302900.0,-2.19
2024-11-12,24.92,24.8,25.33,24.67,22113300.0,-0.8
2024-11-13,24.66,24.7,25.07,24.56,17583000.0,-0.4
2024-11-14,24.93,24.59,25.18,24.56,18118700.0,-0.45
2024-11-15,24.59,24.11,24.73,24.11,14901600.0,-1.95
2024-11-18,24.46,24.8,25.47,24.46,29697000.0,2.86
2024-11-19,24.8,24.43,24.94,23.97,20048700.0,-1.49
2024-11-20,24.52,24.51,24.66,24.31,10425600.0,0.33
2024-11-21,24.48,24.27,24.76,24.2,10340700.0,-0.98
2024-11-22,24.25,23.75,24.39,23.75,12387200.0,-2.14
2024-11-25,23.74,23.64,24.08,23.56,10759700.0,-0.46
2024-11-26,23.57,23.55,23.88,23.42,9293800.0,-0.38
2024-11-27,23.58,24.1,24.1,23.48,12212000.0,2.34
2024-11-28,24.01,24.11,24.33,23.83,13338300.0,0.04
2024-11-29,24.34,24.1,24.43,23.94,14364500.0,-0.04
2024-12-02,24.23,24.08,24.29,23.91,22563000.0,-0.08
2024-12-03,24.04,24.47,24.54,24.04,17989700.0,1.62
2024-12-04,24.44,24.3,24.44,24.09,13524700.0,-0.69
2024-12-05,24.14,24.04,24.24,23.76,14879500.0,-1.07
2024-12-06,24.12,24.29,24.4,24.07,14882800.0,1.04
2024-12-09,24.24,23.94,24.39,23.76,17749500.0,-1.44
2024-12-10,24.64,24.17,24.91,24.05,25393000.0,0.96
2024-12-11,24.26,24.09,24.51,24.02,17970500.0,-0.33
2024-12-12,24.09,24.54,24.6,23.91,20292100.0,1.87
2024-12-13,24.4,24.55,24.69,24.15,25112300.0,0.04
2024-12-16,24.45,23.21,24.5,23.14,40252500.0,-5.46
2024-12-17,23.19,23.04,23.4,22.99,17545900.0,-0.73
2024-12-18,23.17,23.0,23.58,22.96,13335000.0,-0.17
2024-12-19,22.87,22.89,23.0,22.7,12108100.0,-0.48
2024-12-20,22.94,22.57,22.99,22.55,13991900.0,-1.4
2024-12-23,22.48,22.54,22.84,22.46,14564500.0,-0.13
2024-12-24,22.54,22.85,22.96,22.49,10399700.0,1.38
2024-12-25,22.77,22.96,22.99,22.7,9027100.0,0.48
2024-12-26,22.92,22.34,22.95,22.06,21365200.0,-2.7
2024-12-27,22.36,22.47,22.55,22.22,13313100.0,0.58
2024-12-30,22.44,22.43,22.69,22.26,14328300.0,-0.18
2024-12-31,22.51,22.22,22.66,22.22,15333900.0,-0.94
2025-01-02,22.21,21.79,22.54,21.69,17343700.0,-1.94
2025-01-03,21.87,21.87,22.18,21.8,14897800.0,0.37
2025-01-06,21.87,22.02,22.14,21.72,11655000.0,0.69
2025-01-07,21.89,22.24,22.24,21.82,12825200.0,1.0
2025-01-08,22.2,22.19,22.48,22.0,13354600.0,-0.22
2025-01-09,22.11,22.34,22.57,21.76,11699400.0,0.68
2025-01-10,22.4,22.17,22.5,22.07,10292900.0,-0.76
2025-01-13,22.07,22.25,22.55,21.9,12282000.0,0.36
2025-01-14,22.13,22.36,22.4,21.99,14860100.0,0.49
2025-01-15,22.3,22.62,22.71,22.03,14740300.0,1.16
2025-01-16,22.63,22.96,23.04,22.63,14599300.0,1.5
2025-01-17,23.04,23.05,23.22,22.69,11902400.0,0.39
2025-01-20,23.17,23.0,23.2,22.72,11756500.0,-0.22
2025-01-21,23.0,22.89,23.17,22.79,7834900.0,-0.48
2025-01-22,22.89,22.83,22.99,22.73,7660000.0,-0.26
2025-01-23,22.91,22.92,23.23,22.82,11965800.0,0.39
2025-01-24,22.9,22.88,23.23,22.84,11515100.0,-0.17
2025-01-27,22.94,23.34,23.49,22.9,15253100.0,2.01
2025-02-05,23.35,22.17,23.42,22.16,21690200.0,-5.01
2025-02-06,22.15,22.23,22.37,22.07,13011700.0,0.27
2025-02-07,22.25,22.4,22.54,22.04,14110100.0,0.76
2025-02-10,22.34,22.5,22.64,22.3,11451800.0,0.45
2025-02-11,22.49,22.46,22.69,22.29,8095500.0,-0.18
2025-02-12,22.47,22.23,22.55,22.04,15297800.0,-1.02
2025-02-13,22.22,22.54,22.81,22.17,20881300.0,1.39
2025-02-14,22.61,22.27,22.67,22.22,14402800.0,-1.2
2025-02-17,22.27,21.92,22.33,21.89,17891300.0,-1.57
2025-02-18,21.92,21.83,22.05,21.7,13547000.0,-0.41
2025-02-19,21.84,21.73,21.97,21.62,13289000.0,-0.46
2025-02-20,21.63,21.55,21.73,21.49,11996300.0,-0.83
2025-02-21,21.48,21.11,21.57,21.05,24948200.0,-2.04
2025-02-24,21.04,21.1,21.33,20.91,20806700.0,-0.05
2025-02-25,21.04,20.93,21.34,20.88,18793800.0,-0.81
2025-02-26,20.89,21.1,21.24,20.89,14828000.0,0.81
2025-02-27,21.11,21.5,21.74,21.11,23644200.0,1.9
2025-02-28,21.59,21.7,21.94,21.49,25190500.0,0.93
2025-03-03,21.73,21.75,22.01,21.63,15832300.0,0.23
2025-03-04,21.74,21.64,21.74,21.44,13100400.0,-0.51
2025-03-05,21.76,22.45,22.63,21.6,40266400.0,3.74
2025-03-06,22.57,22.4,22.59,22.2,18391600.0,-0.22
2025-03-07,22.36,22.53,22.58,22.25,14042800.0,0.58
2025-03-10,22.64,22.6,22.78,22.27,15792100.0,0.31
2025-03-11,22.34,22.64,22.64,22.23,13171100.0,0.18
2025-03-12,22.64,22.33,22.64,22.27,11868000.0,-1.37
2025-03-13,22.34,22.62,22.74,22.34,13012000.0,1.3
2025-03-14,22.61,22.8,22.87,22.52,14647300.0,0.8
2025-03-17,22.87,23.69,23.78,22.86,30337800.0,3.9
2025-03-18,23.61,23.31,23.67,23.29,13952700.0,-1.6
2025-03-19,23.4,23.28,23.51,23.09,12079400.0,-0.13
2025-03-20,23.34,23.11,23.34,23.03,10525600.0,-0.73
2025-03-21,23.11,23.36,23.8,23.05,22217800.0,1.08
2025-03-24,23.31,23.19,23.52,23.1,16496000.0,-0.73
2025-03-25,23.04,22.73,23.12,22.34,27507700.0,-1.98
2025-03-26,22.81,23.05,23.11,22.55,12882300.0,1.41
2025-03-27,23.14,23.2,23.43,22.94,14162600.0,0.65
2025-03-28,23.3,23.04,23.3,22.79,10761000.0,-0.69
2025-03-31,23.26,22.73,23.49,22.63,18205000.0,-1.35
2025-04-01,22.71,22.64,22.92,22.54,14322900.0,-0.4
2025-04-02,22.64,22.51,22.78,22.51,11079400.0,-0.57
2025-04-03,22.45,22.6,23.18,22.41,23339300.0,0.4
2025-04-07,21.84,22.09,22.38,21.35,43286400.0,-2.26
2025-04-08,22.43,23.26,23.3,22.31,46120100.0,5.3
2025-04-09,23.15,23.94,23.94,22.7,41952200.0,2.92
2025-04-10,24.42,24.14,24.42,23.54,29340100.0,0.84
2025-04-11,24.24,24.02,24.25,23.52,22298800.0,-0.5
2025-04-14,23.79,23.61,23.99,23.53,21293200.0,-1.71
2025-04-15,23.54,23.82,23.82,23.31,17604900.0,0.89
2025-04-16,23.77,23.94,23.94,23.42,18143800.0,0.5
2025-04-17,23.82,23.76,23.97,23.59,12937900.0,-0.75
2025-04-18,23.63,23.55,23.87,23.45,12569200.0,-0.88
2025-04-21,23.52,23.32,23.59,23.19,12884700.0,-0.98
2025-04-22,23.43,23.54,23.7,23.21,12801500.0,0.94
2025-04-23,23.52,23.32,23.58,23.21,11181800.0,-0.93
2025-04-24,23.34,23.33,23.61,23.29,10099100.0,0.04
2025-04-25,23.42,23.01,23.48,23.01,13819800.0,-1.37
2025-04-28,23.04,22.98,23.25,22.89,8403900.0,-0.13
2025-04-29,22.99,22.87,23.05,22.76,8289600.0,-0.48
2025-04-30,22.91,22.52,22.94,22.4,14976700.0,-1.53
2025-05-06,22.55,22.46,22.65,22.37,14696900.0,-0.27
2025-05-07,22.73,22.54,22.83,22.44,18236300.0,0.36
2025-05-08,22.46,22.37,22.55,22.29,14983300.0,-0.75
2025-05-09,22.37,22.44,22.5,22.15,17443400.0,0.31
2025-05-12,22.44,22.2,22.44,22.17,23591100.0,-1.07
2025-05-13,22.28,22.34,22.5,22.24,19041000.0,0.63
2025-05-14,22.3,22.5,22.52,22.24,14713300.0,0.72
2025-05-15,22.44,22.27,22.57,22.27,13896900.0,-1.02
2025-05-16,22.31,21.97,22.37,21.85,20656100.0,-1.35
2025-05-19,21.94,21.92,22.1,21.89,13624100.0,-0.23
2025-05-20,21.98,21.9,22.03,21.81,14436200.0,-0.09
2025-05-21,21.91,22.21,22.27,21.9,16676400.0,1.42
2025-05-22,22.15,22.2,22.27,22.02,9108100.0,-0.05
2025-05-23,22.15,22.05,22.36,22.05,13145000.0,-0.68
2025-05-26,21.98,21.54,22.04,21.47,19511200.0,-2.31
2025-05-27,21.55,21.54,21.65,21.48,9619800.0,0.0
2025-05-28,21.55,21.54,21.6,21.47,7210000.0,0.0
2025-05-29,21.54,21.56,21.63,21.49,12392000.0,0.09
2025-05-30,21.52,21.67,21.79,21.49,14623100.0,0.51
2025-06-03,21.65,21.22,21.74,21.19,31329400.0,-2.08
2025-06-04,21.24,21.47,21.6,21.23,18874200.0,1.18
2025-06-05,21.47,21.24,21.58,21.17,19390200.0,-1.07
2025-06-06,21.29,21.36,21.47,21.24,12954300.0,0.56
2025-06-09,21.29,21.26,21.38,21.25,16187800.0,-0.47
2025-06-10,21.28,21.16,21.38,21.11,17713900.0,-0.47
2025-06-11,21.19,21.2,21.32,21.15,15950800.0,0.19
2025-06-12,21.16,20.98,21.18,20.95,21314600.0,-1.04
2025-06-13,20.95,20.79,21.05,20.78,21526500.0,-0.91
2025-06-16,20.74,20.61,20.85,20.57,19702700.0,-0.87
2025-06-17,20.67,20.68,20.74,20.55,17741300.0,0.34
2025-06-18,20.68,20.49,20.73,20.48,15425500.0,-0.92
2025-06-19,20.48,20.19,20.54,20.13,23488200.0,-1.46
2025-06-20,20.24,20.13,20.43,20.12,15513400.0,-0.3
2025-06-23,20.08,20.02,20.13,19.93,18326800.0,-0.55
2025-06-24,20.06,20.41,20.43,20.04,18525200.0,1.95
2025-06-25,20.42,20.53,20.57,20.34,16990600.0,0.59
2025-06-26,20.57,20.58,20.74,20.44,22201400.0,0.24
2025-06-27,20.78,20.59,20.78,20.5,19586500.0,0.05
2025-06-30,20.59,20.62,20.69,20.49,14258400.0,0.15
2025-07-01,20.62,20.58,20.65,20.51,11424300.0,-0.19
2025-07-02,20.58,21.28,21.31,20.56,37232300.0,3.4
2025-07-03,21.33,21.43,21.61,21.25,30956600.0,0.7
2025-07-04,21.43,21.31,21.55,21.25,20393900.0,-0.56
2025-07-07,21.32,21.42,21.55,21.31,18177000.0,0.52
2025-07-08,21.42,21.53,21.79,21.32,20682800.0,0.51
2025-07-09,21.6,21.57,21.9,21.53,27140700.0,0.19
2025-07-10,21.58,21.8,22.08,21.5,32405900.0,1.07
2025-07-11,21.84,21.75,21.99,21.73,25580300.0,-0.23
2025-07-14,21.9,22.32,22.46,21.86,43834700.0,2.62
2025-07-15,22.37,21.75,22.51,21.7,39920600.0,-2.55
2025-07-16,21.75,21.48,21.88,21.21,43497800.0,-1.24
2025-07-17,21.43,21.5,21.57,21.37,20334300.0,0.09
2025-07-18,21.6,21.6,21.72,21.46,16393400.0,0.47
2025-07-21,23.03,23.85,23.85,22.19,179080900.0,10.42
2025-07-22,24.88,26.32,26.32,24.87,270617300.0,10.36
2025-07-23,27.15,24.2,27.15,24.2,223634400.0,-8.05
2025-07-24,23.92,24.39,24.95,23.82,124651700.0,0.79
2025-07-25,24.4,23.54,24.5,23.52,106657500.0,-3.49
2025-07-28,23.55,23.45,23.65,23.2,57408600.0,-0.38
2025-07-29,23.46,23.35,23.81,23.08,76370700.0,-0.43
2025-07-30,23.2,23.38,23.65,23.15,57762200.0,0.13
2025-07-31,23.25,22.7,23.26,22.55,63239900.0,-2.91
2025-08-01,22.65,22.55,22.76,22.51,30138300.0,-0.66
2025-08-04,22.48,22.61,22.65,22.32,33387800.0,0.27
2025-08-05,22.62,22.53,22.7,22.47,27731100.0,-0.35
2025-08-06,22.55,22.52,22.59,22.41,25362800.0,-0.04
2025-08-07,22.99,23.16,23.25,22.75,65487200.0,2.84
2025-08-08,23.03,23.39,23.5,22.92,51136900.0,0.99
2025-08-11,23.54,23.56,23.71,23.33,45217700.0,0.73
2025-08-12,23.56,23.43,23.6,23.39,28278600.0,-0.55
2025-08-13,23.5,23.43,23.6,23.33,33219300.0,0.0
2025-08-14,23.43,23.35,23.91,23.33,35367700.0,-0.34
2025-08-15,23.29,23.28,23.65,23.17,40847000.0,-0.3
2025-08-18,23.4,23.35,23.58,23.3,42936600.0,0.3
2025-08-19,23.35,23.0,23.43,23.0,41500000.0,-1.5
2025-08-20,22.87,23.18,23.2,22.8,24824300.0,0.78
2025-08-21,23.21,23.34,23.64,23.15,36227900.0,0.69
2025-08-22,23.31,23.44,23.45,23.18,26313200.0,0.43
2025-08-25,23.44,23.86,23.99,23.43,48979700.0,1.79
2025-08-26,23.9,23.88,24.02,23.55,32912100.0,0.08
2025-08-27,24.3,23.77,24.75,23.74,74041300.0,-0.46
2025-08-28,23.83,23.74,23.99,23.3,35414400.0,-0.13
2025-08-29,23.84,23.5,24.11,23.48,46912300.0,-1.01
2025-09-01,23.64,23.46,23.79,23.41,40578200.0,-0.17
2025-09-02,23.46,23.31,23.6,23.19,26920500.0,-0.64
2025-09-03,23.31,22.89,23.36,22.69,30139500.0,-1.8
2025-09-04,22.88,22.81,22.88,22.57,25503500.0,-0.35
2025-09-05,22.8,22.92,22.93,22.6,25626900.0,0.48
2025-09-08,22.96,23.27,23.36,22.91,36096600.0,1.53
2025-09-09,23.25,23.66,23.76,23.07,43127500.0,1.68
2025-09-10,23.59,23.23,23.59,23.17,23477600.0,-1.82
2025-09-11,23.16,23.29,23.29,23.1,23457000.0,0.26
2025-09-12,23.27,22.97,23.74,22.8,60525700.0,-1.37
2025-09-15,22.91,22.94,23.14,22.79,29563500.0,-0.13
2025-09-16,22.94,22.68,23.05,22.6,27627100.0,-1.13
2025-09-17,22.61,22.69,22.75,22.51,22611400.0,0.04
2025-09-18,22.67,22.21,22.73,22.08,39598100.0,-2.12
2025-09-19,22.16,22.46,22.55,22.07,32320000.0,1.13
2025-09-22,22.46,22.13,22.46,22.01,23835200.0,-1.47
2025-09-23,22.14,22.26,22.3,21.83,27951600.0,0.59
2025-09-24,22.27,22.29,22.35,22.07,21406500.0,0.13
2025-09-25,22.59,22.36,22.81,22.33,30500600.0,0.31
2025-09-26,22.3,22.32,22.47,22.09,21597800.0,-0.18
2025-09-29,22.35,22.5,22.55,22.02,29799100.0,0.81
2025-09-30,22.55,22.61,22.79,22.41,24455300.0,0.49
2025-10-09,22.61,23.04,23.06,22.54,36948400.0,1.9
2025-10-10,23.03,23.5,23.61,22.84,48445400.0,2.0
2025-10-13,22.99,23.21,23.35,22.91,32045600.0,-1.23
2025-10-14,23.24,23.29,23.53,23.11,30391000.0,0.34
2025-10-15,23.29,23.88,23.94,23.21,51487100.0,2.53
2025-10-16,23.85,23.37,24.06,23.29,43851400.0,-2.14
2025-10-17,23.3,23.13,23.63,23.09,41601700.0,-1.03
2025-10-20,23.24,23.25,23.31,23.1,24732700.0,0.52
2025-10-21,23.25,23.08,23.35,23.04,24358800.0,-0.73
2025-10-22,23.07,23.06,23.21,23.02,16300700.0,-0.09
2025-10-23,23.02,22.97,23.04,22.62,22433200.0,-0.39
2025-10-24,22.97,22.72,23.07,22.64,22337100.0,-1.09
2025-10-27,22.77,23.14,23.25,22.77,31938600.0,1.85
2025-10-28,23.06,22.78,23.12,22.75,22087300.0,-1.56
2025-10-29,22.75,22.79,22.82,22.55,19369900.0,0.04
2025-10-30,22.8,22.76,22.94,22.65,22584500.0,-0.13
2025-10-31,22.67,22.58,22.84,22.54,27763800.0,-0.79
2025-11-03,22.69,22.65,22.72,22.53,18187800.0,0.31
2025-11-04,22.66,22.4,22.71,22.3,21583600.0,-1.1
2025-11-05,22.3,22.44,22.49,22.19,15884600.0,0.18
2025-11-06,22.42,22.4,22.48,22.3,20506200.0,-0.18
2025-11-07,22.4,22.71,22.8,22.31,34182200.0,1.38
2025-11-10,22.8,22.98,23.07,22.76,27111600.0,1.19
2025-11-11,23.07,23.1,23.22,22.91,24779900.0,0.52
2025-11-12,23.11,22.89,23.21,22.83,21132300.0,-0.91
2025-11-13,22.9,23.2,23.27,22.8,23565900.0,1.35
2025-11-14,23.1,23.08,23.44,23.07,36565900.0,-0.52
2025-11-17,22.99,22.71,23.14,22.71,21007500.0,-1.6
2025-11-18,22.69,22.4,22.74,22.4,24664000.0,-1.37
2025-11-19,22.41,22.38,22.47,22.29,16084000.0,-0.09
2025-11-20,22.4,22.65,22.96,22.38,27984700.0,1.21
2025-11-21,22.59,22.39,22.85,22.37,24689200.0,-1.15
2025-11-24,22.41,22.27,22.52,22.23,24156200.0,-0.54
2025-11-25,22.37,22.3,22.46,22.25,16143600.0,0.13
2025-11-26,22.3,22.22,22.53,22.19,21819600.0,-0.36
2025-11-27,22.19,22.01,22.27,21.89,33737300.0,-0.95
2025-11-28,21.98,22.24,22.25,21.86,18284200.0,1.04
2025-12-01,22.14,22.14,22.41,22.04,35633500.0,-0.45
2025-12-02,22.06,22.13,22.17,21.97,19228000.0,-0.05
2025-12-03,22.14,22.17,22.29,22.09,17977400.0,0.18
2025-12-04,22.12,22.09,22.23,22.01,13892400.0,-0.36
2025-12-05,22.09,22.18,22.22,21.95,17393300.0,0.41
2025-12-08,22.19,22.06,22.29,22.0,23152500.0,-0.54
2025-12-09,22.06,21.45,22.06,21.4,42440900.0,-2.77
2025-12-10,21.41,21.7,21.85,21.26,21900800.0,1.17
2025-12-11,21.65,21.55,21.76,21.49,17043300.0,-0.69
2025-12-12,21.61,21.55,21.72,21.45,31157700.0,0.0
2025-12-15,21.49,21.67,21.83,21.41,27615600.0,0.56
2025-12-16,21.64,21.31,21.74,21.27,23320900.0,-1.66
2025-12-17,21.31,21.45,21.52,21.12,19103400.0,0.66
2025-12-18,21.4,21.56,21.62,21.36,13977500.0,0.51
2025-12-19,21.56,21.57,21.63,21.46,18379700.0,0.05
2025-12-22,21.57,21.45,21.57,21.42,23307000.0,-0.56
2025-12-23,21.46,21.58,21.72,21.42,19914200.0,0.61
2025-12-24,21.6,21.72,21.84,21.56,18329900.0,0.65
2025-12-25,21.69,21.8,21.82,21.65,13907500.0,0.37
2025-12-26,21.8,21.59,21.85,21.58,22719500.0,-0.96
2025-12-29,21.59,21.6,21.89,21.57,31790000.0,0.05
2025-12-30,21.54,21.23,21.6,21.22,28645800.0,-1.71
2025-12-31,21.22,21.25,21.41,21.2,15393900.0,0.09
2026-01-05,21.39,21.49,21.61,21.32,32797100.0,1.13
2026-01-06,21.48,21.78,21.79,21.38,36977200.0,1.35
2026-01-07,21.85,22.02,22.27,21.78,42052800.0,1.1
2026-01-08,22.01,22.3,22.46,21.91,40513600.0,1.27
2026-01-09,22.3,22.15,22.38,22.06,31160500.0,-0.67
2026-01-12,22.14,22.04,22.19,21.96,27491200.0,-0.5
2026-01-13,22.04,21.92,22.21,21.9,22989500.0,-0.54
2026-01-14,21.97,21.75,22.16,21.67,31669700.0,-0.78
2026-01-15,21.79,21.93,22.06,21.79,25836100.0,0.83
2026-01-16,21.99,21.54,22.05,21.45,34328300.0,-1.78
2026-01-19,21.48,21.7,21.77,21.39,27315800.0,0.74
2026-01-20,21.7,22.98,23.04,21.69,112702300.0,5.9
2026-01-21,22.89,22.67,22.93,22.48,50126100.0,-1.35
2026-01-22,22.62,23.35,23.44,22.59,70783400.0,3.0
2026-01-23,23.39,23.12,23.58,23.04,41730000.0,-0.99
2026-01-26,23.12,23.2,23.67,23.12,45874800.0,0.35
2026-01-27,23.29,23.08,23.4,22.99,33838800.0,-0.52
2026-01-28,23.07,23.79,24.33,22.99,86906000.0,3.08
2026-01-29,23.97,24.23,24.27,23.61,71919800.0,1.85
2026-01-30,23.99,23.91,24.59,23.74,56104300.0,-1.32
2026-02-02,23.53,22.88,23.73,22.73,63045100.0,-4.31
2026-02-03,23.07,23.76,23.88,23.0,46973400.0,3.85
2026-02-04,23.71,24.63,24.73,23.66,82552900.0,3.66
2026-02-05,24.41,24.59,24.72,24.15,53904900.0,-0.16
2026-02-06,24.58,24.42,25.17,24.29,50843000.0,-0.69
2026-02-09,24.59,24.41,24.79,24.27,29325200.0,-0.04
2026-02-10,24.42,24.14,24.44,24.03,30482300.0,-1.11
2026-02-11,24.15,24.75,25.03,23.94,49821700.0,2.53
2026-02-12,24.71,24.62,24.94,24.6,26730400.0,-0.53
2026-02-13,24.6,24.05,24.61,23.95,27188500.0,-2.32
2026-02-24,24.22,24.31,24.39,23.89,33886500.0,1.08
2026-02-25,24.77,25.77,26.32,24.75,102984000.0,6.01
2026-02-26,25.65,25.0,25.78,24.86,48102100.0,-2.99
2026-02-27,24.84,24.95,25.39,24.61,38268900.0,-0.2
2026-03-02,24.65,25.46,25.78,24.54,53613200.0,2.04
2026-03-03,25.42,24.63,25.56,24.47,39195600.0,-3.26
2026-03-04,24.4,24.46,25.0,24.34,35395700.0,-0.69
2026-03-05,24.59,24.19,24.77,24.11,33459800.0,-1.1
2026-03-06,24.09,24.73,24.77,23.99,27331400.0,2.23
2026-03-09,24.35,23.98,24.48,23.63,43864100.0,-3.03
2026-03-10,24.06,24.11,24.27,23.86,30161000.0,0.54
2026-03-11,24.15,24.85,24.88,24.05,33838600.0,3.07
2026-03-12,24.84,24.89,24.91,24.31,27418400.0,0.16
2026-03-13,24.94,24.73,25.36,24.71,30976300.0,-0.64
2026-03-16,24.65,24.39,25.04,24.2,32446600.0,-1.37
2026-03-17,24.38,24.46,24.99,24.25,29425400.0,0.29
2026-03-18,24.39,24.27,24.68,23.81,32497000.0,-0.78
2026-03-19,24.14,23.5,24.15,23.44,26879900.0,-3.17
2026-03-20,23.59,23.03,23.69,23.03,24774900.0,-2.0
2026-03-23,22.49,22.1,22.69,22.01,36934000.0,-4.04
2026-03-24,22.39,22.59,22.62,22.15,24251400.0,2.22
2026-03-25,22.6,22.73,22.78,22.3,30650000.0,0.62
2026-03-26,22.66,22.32,22.87,22.15,35515800.0,-1.8
2026-03-27,22.12,22.43,22.46,22.05,21176300.0,0.49
2026-03-30,22.07,22.81,22.98,21.79,28271200.0,1.69
2026-03-31,22.77,22.55,22.87,22.53,20697500.0,-1.14
2026-04-01,22.79,22.7,22.94,22.56,19319200.0,0.67
2026-04-02,22.7,22.57,22.79,22.52,16202400.0,-0.57
2026-04-03,22.57,22.3,22.62,22.19,12956600.0,-1.2
2026-04-07,22.3,22.22,22.45,22.09,16179800.0,-0.36
2026-04-08,22.59,22.67,22.74,22.36,26420400.0,2.03
2026-04-09,22.53,22.25,22.64,22.06,28012500.0,-1.85
2026-04-10,22.3,22.23,22.46,22.2,17288900.0,-0.09
2026-04-13,22.09,22.05,22.18,22.01,19042400.0,-0.81
2026-04-14,22.15,22.04,22.24,21.9,24991000.0,-0.05
2026-04-15,22.09,21.94,22.22,21.91,22078800.0,-0.45
2026-04-16,21.89,21.64,21.94,21.46,51502100.0,-1.37
2026-04-17,21.59,21.61,21.71,21.42,29125100.0,-0.14
2026-04-20,21.57,21.47,21.58,21.35,30729400.0,-0.65
2026-04-21,21.54,21.42,21.55,21.4,25192600.0,-0.23
2026-04-22,21.42,21.19,21.45,21.17,37474000.0,-1.07
2026-04-23,21.19,21.04,21.23,20.96,26365700.0,-0.71
2026-04-24,21.0,20.79,21.0,20.68,26615200.0,-1.19
2026-04-27,20.86,20.57,20.95,20.55,31979600.0,-1.06
2026-04-28,20.58,20.59,20.65,20.33,31532200.0,0.1
2026-04-29,20.56,20.65,20.8,20.5,44358600.0,0.29
2026-04-30,20.64,20.52,20.71,20.4,31661500.0,-0.63
2026-05-06,20.4,20.53,20.59,20.29,53925900.0,0.05
2026-05-07,20.58,20.6,21.12,20.51,72690200.0,0.34
2026-05-08,20.6,20.43,20.6,20.35,35406300.0,-0.83
2026-05-11,20.39,20.82,21.09,20.37,75113900.0,1.91
2026-05-12,20.84,20.78,20.94,20.64,36930900.0,-0.19
2026-05-13,20.81,20.64,20.81,20.46,32486600.0,-0.67
2026-05-14,20.64,20.39,20.69,20.39,25481600.0,-1.21
2026-05-15,20.32,19.87,20.38,19.74,46143900.0,-2.55
2026-05-18,19.7,19.43,19.79,19.36,31163200.0,-2.21
2026-05-19,19.42,19.38,19.49,19.29,20058400.0,-0.26
2026-05-20,19.31,19.4,19.45,19.18,18475200.0,0.1
2026-05-21,19.4,19.1,19.52,19.08,28920400.0,-1.55
2026-05-22,19.14,19.07,19.25,18.95,16537700.0,-0.16
2026-05-25,19.07,18.77,19.15,18.72,26557200.0,-1.57
2026-05-26,18.69,18.89,18.91,18.65,18969500.0,0.64
2026-05-27,19.23,19.1,19.36,18.94,24771300.0,1.11
2026-05-28,19.11,19.06,19.22,18.81,18505100.0,-0.21
2026-05-29,19.14,19.54,19.59,19.14,42837100.0,2.52
2026-06-01,19.42,19.7,19.72,19.29,32831700.0,0.82
2026-06-02,19.7,19.52,19.77,19.5,21729500.0,-0.91
2026-06-03,19.49,18.99,19.49,18.9,30571600.0,-2.72
2026-06-04,18.99,18.62,19.0,18.57,24204100.0,-1.95
2026-06-05,18.74,18.74,19.14,18.69,22995100.0,0.64
2026-06-08,18.54,18.48,18.7,18.34,27182100.0,-1.39
2026-06-09,18.51,18.39,18.68,18.14,32478000.0,-0.49
2026-06-10,18.24,18.17,18.4,18.1,22430800.0,-1.2
2026-06-11,18.15,17.96,18.16,17.8,27494300.0,-1.16
2026-06-12,18.1,18.1,18.29,17.97,33058200.0,0.78
2026-06-15,18.19,17.83,18.38,17.72,39354900.0,-1.49
2026-06-16,17.88,17.62,17.93,17.61,30313200.0,-1.18
2026-06-17,17.62,17.63,17.83,17.47,32215400.0,0.06
2026-06-18,17.54,17.15,17.59,17.11,57653900.0,-2.72
2026-06-22,17.09,17.25,17.37,16.5,53550300.0,0.58
2026-06-23,17.25,16.83,17.37,16.74,31175400.0,-2.43
2026-06-24,16.92,16.65,17.0,16.55,23250700.0,-1.07
2026-06-25,16.5,17.14,17.42,16.33,56454400.0,2.94
2026-06-26,17.0,16.56,17.25,16.55,48110000.0,-3.38
2026-06-29,16.57,16.59,16.79,16.2,34797800.0,0.18
2026-06-30,16.55,16.34,16.55,16.25,26896200.0,-1.51
2026-07-01,16.3,16.64,16.8,16.17,33032900.0,1.84
2026-07-02,16.72,16.85,17.07,16.64,43973200.0,1.26
2026-07-03,16.92,17.14,17.29,16.9,31277300.0,1.72
2026-07-06,17.09,17.2,17.23,16.96,22000100.0,0.35
2026-07-07,17.15,17.0,17.28,16.85,22355500.0,-1.16
2026-07-08,16.98,17.02,17.27,16.87,20000700.0,0.12
2026-07-09,16.93,16.74,16.97,16.58,33964200.0,-1.65
2026-07-10,16.7,17.11,17.27,16.59,31373100.0,2.21
2026-07-13,17.02,16.99,17.15,16.88,22951900.0,-0.7
2026-07-14,16.93,16.87,16.98,16.66,37174800.0,-0.71
2026-07-15,16.81,17.65,17.68,16.76,48709500.0,4.62
2026-07-16,17.54,17.55,17.69,17.26,30183200.0,-0.57
2026-07-17,17.52,17.67,17.9,17.47,39571700.0,0.68
2026-07-20,17.49,17.82,17.84,17.41,42585000.0,0.85
2026-07-21,17.8,17.59,18.14,17.53,49887900.0,-1.29
2026-07-22,17.59,17.85,17.89,17.32,32342900.0,1.48
2026-07-23,17.7,18.15,18.16,17.61,31895700.0,1.68
2026-07-24,18.08,17.77,18.2,17.76,21170200.0,-2.09
2026-07-27,17.75,17.75,17.9,17.64,25067100.0,-0.11
2026-07-28,17.75,17.96,18.0,17.66,22908900.0,1.18
2026-07-29,17.93,18.34,18.4,17.91,33846400.0,2.12
2026-07-30,18.35,18.64,18.67,18.3,32595300.0,1.64
2026-07-31,18.41,18.56,18.6,18.2,33549600.0,-0.43
2026-08-03,18.49,18.31,18.59,18.19,34459800.0,-1.35
2026-08-04,18.31,17.8,18.35,17.75,57752700.0,-2.79
2026-08-05,17.81,17.74,17.83,17.53,30185700.0,-0.34
2026-08-06,17.69,17.8,17.82,17.55,25415700.0,0.34
2026-08-07,17.75,17.76,17.79,17.58,21735300.0,-0.22
2026-08-10,17.7,17.84,17.97,17.69,26264700.0,0.45
2026-08-11,17.85,17.62,17.86,17.6,22322700.0,-1.23
2026-08-12,17.62,17.7,17.76,17.44,25998600.0,0.45
2026-08-13,17.61,17.49,17.64,17.46,23012000.0,-1.19
2026-08-14,17.47,17.36,17.49,17.35,15044200.0,-0.74
2026-08-17,17.3,17.37,17.43,17.21,16678100.0,0.06
2026-08-18,17.37,17.43,17.45,17.32,13559400.0,0.35
2026-08-19,17.41,17.46,17.54,17.35,19907100.0,0.17
2026-08-20,17.41,17.61,17.66,17.38,20209600.0,0.86
2026-08-21,17.52,17.41,17.53,17.38,16530700.0,-1.14
2026-08-24,17.4,17.57,17.73,17.35,24451700.0,0.92
2026-08-25,17.57,17.6,17.68,17.52,15099000.0,0.17
2026-08-26,17.57,17.88,17.94,17.53,25954100.0,1.59
2026-08-27,17.57,18.02,18.05,17.42,41415900.0,0.78
2026-08-28,18.0,18.24,18.3,17.84,32647300.0,1.22
