date,open,close,high,low,volume,pct_change,amount,amplitude,change,turnover
2024-09-13,25.92,26.36,26.56,25.88,80973200,1.7,2289211168.0,2.62,0.44,0.34
2024-09-18,26.31,26.38,26.8,26.28,52623600,0.08,1500353768.0,1.97,0.02,0.22
2024-09-19,26.43,26.39,26.49,25.9,69799700,0.04,1964300124.0,2.24,0.01,0.29
2024-09-20,26.24,26.21,26.38,25.9,82295200,-0.68,2309733075.0,1.82,-0.18,0.34
2024-09-23,26.21,26.26,26.49,26.04,47905000,0.19,1353258731.0,1.72,0.05,0.2
2024-09-24,26.49,26.82,26.94,26.13,106478700,2.13,3033603594.0,3.08,0.56,0.44
2024-09-25,26.98,26.99,27.7,26.89,118176200,0.63,3447719854.0,3.02,0.17,0.49
2024-09-26,27.1,27.19,27.19,26.77,114316300,0.74,3305503263.0,1.56,0.2,0.48
2024-09-27,27.29,27.05,27.29,26.12,188703700,-0.51,5391564516.0,4.3,-0.14,0.79
2024-09-30,26.89,28.11,28.56,26.67,396078500,3.92,11687901897.0,6.99,1.06,1.65
2024-10-08,30.07,27.28,30.34,26.94,462356500,-2.95,13932515165.0,12.1,-0.83,1.93
2024-10-09,27.04,26.61,27.45,26.28,266925400,-2.46,7713072332.0,4.29,-0.67,1.11
2024-10-10,26.66,27.24,27.89,26.65,262428400,2.37,7695861718.0,4.66,0.63,1.09
2024-10-11,27.26,27.27,27.81,27.06,142589600,0.11,4191339711.0,2.75,0.03,0.59
2024-10-14,27.28,27.41,27.61,27.16,144701400,0.51,4245091617.0,1.65,0.14,0.6
2024-10-15,27.36,26.94,27.45,26.94,117112800,-1.71,3411757960.0,1.86,-0.47,0.49
2024-10-16,26.86,26.77,27.38,26.67,127230000,-0.63,3677022600.0,2.64,-0.17,0.53
2024-10-17,26.79,26.36,26.85,26.36,112093800,-1.53,3190851474.0,1.83,-0.41,0.47
2024-10-18,26.38,26.49,26.73,26.09,149181600,0.49,4224020290.0,2.43,0.13,0.62
2024-10-21,26.42,26.02,26.42,25.91,139628400,-1.77,3905210023.0,1.93,-0.47,0.58
2024-10-22,26.02,26.14,26.42,25.89,104063200,0.46,2922214929.0,2.04,0.12,0.43
2024-10-23,26.14,26.12,26.39,26.06,90280100,-0.08,2538199816.0,1.26,-0.02,0.38
2024-10-24,26.12,26.06,26.19,25.81,78386200,-0.23,2189138483.0,1.45,-0.06,0.33
2024-10-25,26.06,25.6,26.14,25.47,150718500,-1.77,4162517848.0,2.57,-0.46,0.63
2024-10-28,25.6,25.6,25.6,25.22,117784900,0.0,3221776479.0,1.48,0.0,0.49
2024-10-29,25.6,25.77,26.09,25.41,131188400,0.66,3635175151.0,2.66,0.17,0.55
2024-10-30,25.78,25.77,25.95,25.51,101259900,0.0,2800095149.0,1.71,0.0,0.42
2024-10-31,26.04,25.64,26.07,25.48,121903100,-0.5,3369699700.0,2.29,-0.13,0.51
2024-11-01,25.57,26.04,26.06,25.45,121360800,1.56,3377377151.0,2.38,0.4,0.51
2024-11-04,26.04,25.96,26.05,25.67,90601000,-0.31,2514532409.0,1.46,-0.08,0.38
2024-11-05,25.87,25.92,26.0,25.78,130938800,-0.15,3643039779.0,0.85,-0.04,0.55
2024-11-06,25.89,25.56,25.96,25.52,138088700,-1.39,3816254671.0,1.7,-0.36,0.58
2024-11-07,25.46,25.89,25.91,25.45,133033400,1.29,3687552721.0,1.8,0.33,0.55
2024-11-08,25.9,25.68,26.02,25.59,119023500,-0.81,3295504902.0,1.66,-0.21,0.5
2024-11-11,25.52,25.54,25.69,25.42,93996200,-0.55,2579507983.0,1.05,-0.14,0.39
2024-11-12,25.54,25.03,25.69,25.01,201746700,-2.0,5479470999.0,2.66,-0.51,0.84
2024-11-13,24.94,25.45,25.55,24.84,155188200,1.68,4230284151.0,2.84,0.42,0.65
2024-11-14,25.41,25.48,25.75,25.29,98646600,0.12,2714473179.0,1.81,0.03,0.41
2024-11-15,25.43,25.16,25.55,25.16,93580900,-1.26,2550153940.0,1.53,-0.32,0.39
2024-11-18,25.22,25.48,25.6,25.15,119051800,1.27,3261120178.0,1.79,0.32,0.5
2024-11-19,25.46,25.43,25.56,25.23,95680300,-0.2,2615794240.0,1.3,-0.05,0.4
2024-11-20,25.43,25.68,25.81,25.27,99804900,0.98,2747324911.0,2.12,0.25,0.42
2024-11-21,25.62,25.73,25.76,25.6,67848500,0.19,1875901033.0,0.62,0.05,0.28
2024-11-22,25.73,25.32,25.84,25.32,97129100,-1.59,2668597372.0,2.02,-0.41,0.4
2024-11-25,25.45,25.19,25.65,25.09,101408800,-0.51,2767754675.0,2.21,-0.13,0.42
2024-11-26,25.16,25.06,25.25,24.97,88306400,-0.52,2387017997.0,1.11,-0.13,0.37
2024-11-27,25.04,25.45,25.51,25.04,102469300,1.56,2795306804.0,1.88,0.39,0.43
2024-11-28,25.43,25.49,25.54,25.23,69160600,0.16,1892727089.0,1.22,0.04,0.29
2024-11-29,25.5,25.38,25.76,25.36,109026400,-0.43,2998565910.0,1.57,-0.11,0.45
2024-12-02,25.45,25.67,25.77,25.36,88629900,1.14,2442141195.0,1.62,0.29,0.37
2024-12-03,25.68,26.01,26.16,25.6,134347600,1.32,3742682857.0,2.18,0.34,0.56
2024-12-04,26.01,26.51,26.59,25.87,137225700,1.92,3874772096.0,2.77,0.5,0.57
2024-12-05,26.46,26.36,26.74,26.26,98035400,-0.57,2785865462.0,1.81,-0.15,0.41
2024-12-06,26.38,26.24,26.6,26.21,90935400,-0.46,2571289497.0,1.48,-0.12,0.38
2024-12-09,26.19,26.47,26.57,25.99,80287300,0.88,2273588991.0,2.21,0.23,0.33
2024-12-10,26.46,26.08,26.64,26.02,167887700,-1.47,4740338733.0,2.34,-0.39,0.7
2024-12-11,26.16,26.23,26.28,26.03,63618400,0.58,1788397138.0,0.96,0.15,0.26
2024-12-12,26.21,26.46,26.54,26.19,77875000,0.88,2210068869.0,1.33,0.23,0.32
2024-12-13,26.5,26.78,26.94,26.4,154285800,1.21,4421516826.0,2.04,0.32,0.64
2024-12-16,26.84,27.34,27.45,26.84,143463300,2.09,4191213538.0,2.28,0.56,0.6
2024-12-17,27.39,27.33,27.61,27.25,107804400,-0.04,3166685527.0,1.32,-0.01,0.45
2024-12-18,27.44,27.48,27.88,27.19,98396600,0.55,2902181336.0,2.52,0.15,0.41
2024-12-19,27.32,27.32,27.72,27.27,91061600,-0.58,2682851059.0,1.64,-0.16,0.38
2024-12-20,27.27,27.26,27.49,27.14,78725200,-0.22,2300287601.0,1.28,-0.06,0.33
2024-12-23,27.25,27.63,27.87,27.17,108633600,1.36,3214208944.0,2.57,0.37,0.45
2024-12-24,27.53,27.87,27.91,27.42,92735600,0.87,2753108462.0,1.77,0.24,0.39
2024-12-25,27.88,27.85,27.99,27.73,68516100,-0.07,2043557883.0,0.93,-0.02,0.29
2024-12-26,27.85,27.38,27.89,27.35,89884600,-1.69,2645228041.0,1.94,-0.47,0.37
2024-12-27,27.36,27.67,27.69,27.23,85423700,1.06,2508819673.0,1.68,0.29,0.36
2024-12-30,27.67,27.47,27.89,27.4,77825700,-0.72,2298925152.0,1.77,-0.2,0.32
2024-12-31,27.46,27.61,27.83,27.42,96537000,0.51,2859607977.0,1.49,0.14,0.4
2025-01-02,27.57,27.26,27.79,27.14,104122000,-1.27,3057996060.0,2.35,-0.35,0.43
2025-01-03,27.27,27.06,27.49,26.91,94632300,-0.73,2753136714.0,2.13,-0.2,0.39
2025-01-06,27.16,26.95,27.16,26.57,79467400,-0.41,2286573074.0,2.18,-0.11,0.33
2025-01-07,26.94,26.76,26.95,26.6,65496000,-0.71,1879633128.0,1.3,-0.19,0.27
2025-01-08,26.73,27.06,27.22,26.69,90630900,1.12,2624410315.0,1.98,0.3,0.38
2025-01-09,27.0,26.85,27.12,26.7,58177100,-0.78,1676501567.0,1.55,-0.21,0.24
2025-01-10,26.85,26.93,27.11,26.57,69491000,0.3,2005099923.0,2.01,0.08,0.29
2025-01-13,26.86,26.87,26.97,26.49,90627800,-0.22,2602917132.0,1.78,-0.06,0.38
2025-01-14,26.86,26.9,27.04,26.78,81985700,0.11,2362763164.0,0.97,0.03,0.34
2025-01-15,26.79,26.86,27.18,26.67,72279300,-0.15,2086198307.0,1.9,-0.04,0.3
2025-01-16,26.79,26.9,27.04,26.78,72060200,0.15,2076090814.0,0.97,0.04,0.3
2025-01-17,26.93,27.07,27.09,26.82,59637200,0.63,1726533811.0,1.0,0.17,0.25
2025-01-20,27.11,27.03,27.12,26.89,66542400,-0.15,1927427722.0,0.85,-0.04,0.28
2025-01-21,27.02,27.22,27.37,26.88,78941300,0.7,2299694593.0,1.81,0.19,0.33
2025-01-22,27.22,26.75,27.36,26.66,107370300,-1.73,3102296596.0,2.57,-0.47,0.45
2025-01-23,26.78,26.56,26.87,26.34,103468400,-0.71,2953937702.0,1.98,-0.19,0.43
2025-01-24,26.65,26.47,26.92,26.47,84000600,-0.34,2388148361.0,1.69,-0.09,0.35
2025-01-27,26.54,27.17,27.37,26.49,99524400,2.64,2863650427.0,3.32,0.7,0.41
2025-02-05,27.13,26.62,27.16,26.54,90286100,-2.02,2568658666.0,2.28,-0.55,0.38
2025-02-06,26.63,26.54,26.7,26.4,67609700,-0.3,1908311707.0,1.13,-0.08,0.28
2025-02-07,26.47,26.4,26.51,26.17,109147600,-0.53,3059789716.0,1.28,-0.14,0.45
2025-02-10,26.32,26.18,26.43,26.17,96900100,-0.83,2709703559.0,0.98,-0.22,0.4
2025-02-11,26.25,26.17,26.25,25.97,90138600,-0.04,2507433419.0,1.07,-0.01,0.38
2025-02-12,26.12,26.26,26.3,26.04,71470100,0.34,1996133152.0,0.99,0.09,0.3
2025-02-13,26.19,26.44,26.5,26.1,94001800,0.69,2643911849.0,1.52,0.18,0.39
2025-02-14,26.44,26.48,26.77,26.32,92876400,0.15,2628490803.0,1.7,0.04,0.39
2025-02-17,26.33,26.44,26.44,25.89,109580700,-0.15,3060604828.0,2.08,-0.04,0.46
2025-02-18,26.32,26.63,26.83,26.32,108370700,0.72,3074479598.0,1.93,0.19,0.45
2025-02-19,26.53,26.34,26.68,26.3,83243100,-1.09,2344764606.0,1.43,-0.29,0.35
2025-02-20,26.27,26.31,26.39,26.13,69621200,-0.11,1949177936.0,0.99,-0.03,0.29
2025-02-21,26.31,26.07,26.31,25.98,124688200,-0.91,3470960409.0,1.25,-0.24,0.52
2025-02-24,26.07,25.82,26.19,25.78,129403200,-0.96,3578403310.0,1.57,-0.25,0.54
2025-02-25,25.85,25.6,25.92,25.47,97322900,-0.85,2669049554.0,1.74,-0.22,0.41
2025-02-26,25.57,25.9,25.97,25.54,88917000,1.17,2451236807.0,1.68,0.3,0.37
2025-02-27,25.91,25.79,25.99,25.58,99176900,-0.42,2727061265.0,1.58,-0.11,0.41
2025-02-28,25.75,25.65,26.01,25.62,117501800,-0.54,3236479356.0,1.51,-0.14,0.49
2025-03-03,25.65,25.36,25.7,25.33,112763400,-1.13,3060769037.0,1.44,-0.29,0.47
2025-03-04,25.36,25.42,25.47,25.25,64725200,0.24,1755054866.0,0.87,0.06,0.27
2025-03-05,25.41,25.75,25.87,25.28,94660500,1.3,2594982596.0,2.32,0.33,0.39
2025-03-06,25.68,25.49,25.75,25.42,98075900,-1.01,2671549581.0,1.28,-0.26,0.41
2025-03-07,25.48,25.53,25.64,25.4,68383200,0.16,1864258519.0,0.94,0.04,0.28
2025-03-10,25.54,25.37,25.55,25.3,88322400,-0.63,2392990833.0,0.98,-0.16,0.37
2025-03-11,25.31,25.46,25.56,25.3,91040300,0.35,2468093094.0,1.02,0.09,0.38
2025-03-12,25.43,25.39,25.46,25.28,78523800,-0.27,2126412560.0,0.71,-0.07,0.33
2025-03-13,25.37,25.52,25.62,25.36,87409700,0.51,2380546787.0,1.02,0.13,0.36
2025-03-14,25.56,25.72,25.82,25.5,111414000,0.78,3056432801.0,1.25,0.2,0.46
2025-03-17,25.78,25.64,25.96,25.62,76352200,-0.31,2099106675.0,1.32,-0.08,0.32
2025-03-18,25.64,25.47,25.69,25.44,77719300,-0.66,2116224352.0,0.98,-0.17,0.32
2025-03-19,25.51,25.9,25.97,25.43,131859900,1.69,3633878031.0,2.12,0.43,0.55
2025-03-20,25.97,25.91,26.03,25.81,60194200,0.04,1663702537.0,0.85,0.01,0.25
2025-03-21,25.94,25.67,26.03,25.64,74187700,-0.93,2042970840.0,1.51,-0.24,0.31
2025-03-24,25.69,25.97,26.07,25.64,99162500,1.17,2745637503.0,1.68,0.3,0.41
2025-03-25,25.98,26.2,26.27,25.83,77256000,0.89,2152626393.0,1.69,0.23,0.32
2025-03-26,26.2,26.1,26.26,25.88,69088300,-0.38,1917234896.0,1.45,-0.1,0.29
2025-03-27,26.02,26.04,26.13,25.89,57299100,-0.23,1588239086.0,0.92,-0.06,0.24
2025-03-28,26.03,26.12,26.17,25.91,57222300,0.31,1590738628.0,1.0,0.08,0.24
2025-03-31,26.19,26.08,26.38,26.02,90484100,-0.15,2528379570.0,1.38,-0.04,0.38
2025-04-01,26.12,26.17,26.21,25.93,57988600,0.35,1614469478.0,1.07,0.09,0.24
2025-04-02,26.17,26.1,26.23,25.98,55353000,-0.27,1539467924.0,0.96,-0.07,0.23
2025-04-03,25.98,26.67,26.71,25.98,143798200,2.18,4054692590.0,2.8,0.57,0.6
2025-04-07,26.31,26.6,27.13,26.04,325872200,-0.26,9247372446.0,4.09,-0.07,1.36
2025-04-08,26.53,27.32,27.45,26.27,234119000,2.71,6700167019.0,4.44,0.72,0.98
2025-04-09,27.32,27.84,27.87,27.03,219801800,1.9,6447093992.0,3.07,0.52,0.92
2025-04-10,27.73,27.44,27.76,27.12,138562500,-1.44,4027976355.0,2.3,-0.4,0.58
2025-04-11,27.55,27.47,27.55,27.27,87332100,0.11,2542617678.0,1.02,0.03,0.36
2025-04-14,27.28,27.42,27.52,27.09,82637500,-0.18,2399272788.0,1.57,-0.05,0.34
2025-04-15,27.35,27.54,27.62,27.26,78308000,0.44,2283991241.0,1.31,0.12,0.33
2025-04-16,27.52,27.67,27.68,27.32,100760200,0.47,2945909908.0,1.31,0.13,0.42
2025-04-17,27.57,27.48,27.59,27.27,84085300,-0.69,2448925444.0,1.16,-0.19,0.35
2025-04-18,27.37,27.85,27.87,27.33,88117400,1.35,2592643254.0,1.97,0.37,0.37
2025-04-21,27.77,27.58,27.97,27.57,56583700,-0.97,1666610558.0,1.44,-0.27,0.24
2025-04-22,27.59,27.6,28.09,27.5,76894900,0.07,2269549948.0,2.14,0.02,0.32
2025-04-23,27.55,27.47,27.65,27.35,61610700,-0.47,1800663508.0,1.09,-0.13,0.26
2025-04-24,27.47,27.73,27.82,27.43,56927300,0.95,1675349936.0,1.42,0.26,0.24
2025-04-25,27.75,27.79,28.0,27.57,54457200,0.22,1604922452.0,1.55,0.06,0.23
2025-04-28,27.79,27.99,28.19,27.68,72347100,0.72,2153224045.0,1.84,0.2,0.3
2025-04-29,27.99,27.73,28.04,27.62,72305900,-0.93,2130508757.0,1.5,-0.26,0.3
2025-04-30,27.82,27.77,27.84,27.59,55350900,0.14,1630308197.0,0.9,0.04,0.23
2025-05-06,27.92,27.45,27.92,27.4,83099000,-1.15,2427460661.0,1.87,-0.32,0.35
2025-05-07,27.55,27.62,27.65,27.33,80889000,0.62,2365688066.0,1.17,0.17,0.34
2025-05-08,27.55,27.58,27.75,27.49,46996100,-0.14,1380550567.0,0.94,-0.04,0.2
2025-05-09,27.57,27.82,28.04,27.55,73292800,0.87,2165675400.0,1.78,0.24,0.31
2025-05-12,27.73,27.81,27.96,27.58,57235500,-0.04,1690208659.0,1.37,-0.01,0.24
2025-05-13,27.69,28.01,28.01,27.63,61698600,0.72,1827173098.0,1.37,0.2,0.26
2025-05-14,28.0,28.35,28.37,27.94,74790600,1.21,2238358173.0,1.54,0.34,0.31
2025-05-15,28.33,28.62,28.63,28.27,71543300,0.95,2161488738.0,1.27,0.27,0.3
2025-05-16,28.57,28.37,28.77,28.23,63756000,-0.87,1920478840.0,1.89,-0.25,0.27
2025-05-19,28.37,28.74,28.85,28.37,56194200,1.3,1709383591.0,1.69,0.37,0.23
2025-05-20,28.75,28.95,29.21,28.75,60587600,0.73,1863321473.0,1.6,0.21,0.25
2025-05-21,29.01,29.07,29.22,28.97,53549800,0.41,1650446696.0,0.86,0.12,0.22
2025-05-22,29.07,29.3,29.32,28.83,53726400,0.79,1657926805.0,1.69,0.23,0.22
2025-05-23,29.26,28.76,29.33,28.66,85424800,-1.84,2613433482.0,2.29,-0.54,0.36
2025-05-26,28.67,28.61,28.83,28.39,62651200,-0.52,1899418062.0,1.53,-0.15,0.26
2025-05-27,28.57,28.53,28.86,28.49,56798100,-0.28,1726016759.0,1.29,-0.08,0.24
2025-05-28,28.54,28.8,28.82,28.47,53780900,0.95,1636711126.0,1.23,0.27,0.22
2025-05-29,28.75,28.56,28.82,28.38,66936900,-0.83,2025718727.0,1.53,-0.24,0.28
2025-05-30,28.59,28.47,28.76,28.47,64479000,-0.32,1954519954.0,1.02,-0.09,0.27
2025-06-03,28.55,28.42,28.62,28.12,78322300,-0.18,2350698980.0,1.76,-0.05,0.33
2025-06-04,28.41,28.16,28.43,28.12,59558200,-0.91,1785117391.0,1.09,-0.26,0.25
2025-06-05,28.16,28.07,28.21,27.92,55135000,-0.32,1641525833.0,1.03,-0.09,0.23
2025-06-06,28.07,28.26,28.29,28.02,54693700,0.68,1638392602.0,0.96,0.19,0.23
2025-06-09,28.2,28.25,28.36,28.12,68059400,-0.04,2040230084.0,0.85,-0.01,0.28
2025-06-10,28.25,28.3,28.56,28.23,66348800,0.18,1998903728.0,1.17,0.05,0.28
2025-06-11,28.27,28.45,28.55,28.25,57665600,0.53,1739533416.0,1.06,0.15,0.24
2025-06-12,28.43,28.46,28.6,28.29,63183900,0.04,1906275622.0,1.09,0.01,0.26
2025-06-13,28.46,28.89,28.93,28.45,104423400,1.51,3184688177.0,1.69,0.43,0.43
2025-06-16,28.82,28.73,28.89,28.57,51655400,-0.55,1573740481.0,1.11,-0.16,0.22
2025-06-17,28.72,28.94,28.97,28.33,78898600,0.73,2399315252.0,2.23,0.21,0.33
2025-06-18,28.87,28.98,29.13,28.84,62172100,0.14,1912522039.0,1.0,0.04,0.26
2025-06-19,29.07,28.99,29.11,28.85,55930600,0.03,1716728361.0,0.9,0.01,0.23
2025-06-20,28.99,28.67,29.1,28.65,56160300,-1.1,1716057582.0,1.55,-0.32,0.23
2025-06-23,28.65,28.92,29.03,28.55,58800900,0.87,1794276498.0,1.67,0.25,0.24
2025-06-24,28.88,28.85,29.08,28.8,78840000,-0.24,2415321534.0,0.97,-0.07,0.33
2025-06-25,28.75,29.15,29.22,28.67,78370700,1.04,2407314283.0,1.91,0.3,0.33
2025-06-26,29.15,29.38,29.46,29.13,70564900,0.79,2189373110.0,1.13,0.23,0.29
2025-06-27,29.43,28.49,29.43,28.47,147453000,-3.03,4499854721.0,3.27,-0.89,0.61
2025-06-30,28.5,28.41,28.69,28.37,75518500,-0.28,2282994819.0,1.12,-0.08,0.31
2025-07-01,28.47,28.64,28.79,28.42,59476300,0.81,1806986262.0,1.3,0.23,0.25
2025-07-02,28.67,28.52,28.75,28.49,57183500,-0.42,1734049631.0,0.91,-0.12,0.24
2025-07-03,28.53,28.36,28.55,28.12,93681100,-0.56,2811204131.0,1.51,-0.16,0.39
2025-07-04,28.33,28.43,28.56,28.28,67922800,0.25,2048728031.0,0.99,0.07,0.28
2025-07-07,28.51,28.53,28.55,28.34,50827800,0.35,1534745747.0,0.74,0.1,0.21
2025-07-08,28.54,28.19,28.54,28.18,107328600,-1.19,3219638664.0,1.26,-0.34,0.45
2025-07-09,28.22,28.25,28.37,28.12,67038300,0.21,2011578386.0,0.89,0.06,0.28
2025-07-10,28.27,28.17,28.35,28.07,94764300,-0.28,2835522287.0,0.99,-0.08,0.39
2025-07-11,28.19,28.67,28.86,28.14,164215500,1.77,4984368453.0,2.56,0.5,0.68
2025-07-14,28.69,28.88,29.06,28.67,77154700,0.73,2363137312.0,1.36,0.21,0.32
2025-07-15,28.88,28.75,28.95,28.62,56246200,-0.45,1714077283.0,1.14,-0.13,0.23
2025-07-16,28.87,28.61,28.93,28.6,38621300,-0.49,1174692478.0,1.15,-0.14,0.16
2025-07-17,28.59,28.43,28.67,28.39,61465500,-0.63,1855170425.0,0.98,-0.18,0.26
2025-07-18,28.54,28.5,28.6,28.35,60170200,0.25,1774601208.0,0.88,0.07,0.25
2025-07-21,28.7,28.51,28.86,28.42,77827700,0.04,2301161415.0,1.54,0.01,0.32
2025-07-22,28.46,28.36,28.51,28.28,94394000,-0.53,2772595624.0,0.81,-0.15,0.39
2025-07-23,28.41,28.18,28.45,28.17,107354900,-0.63,3142732507.0,0.99,-0.18,0.45
2025-07-24,28.19,27.94,28.19,27.8,166882800,-0.85,4823718576.0,1.38,-0.24,0.7
2025-07-25,27.86,27.75,27.98,27.75,100879100,-0.68,2910198554.0,0.82,-0.19,0.42
2025-07-28,27.75,27.64,27.84,27.6,84445100,-0.4,2421911286.0,0.86,-0.11,0.35
2025-07-29,27.61,27.63,27.74,27.6,71772000,-0.04,2057394625.0,0.51,-0.01,0.3
2025-07-30,27.64,27.7,27.94,27.64,97828000,0.25,2814742121.0,1.09,0.07,0.41
2025-07-31,27.42,26.84,27.42,26.7,257969800,-3.1,7209401327.0,2.6,-0.86,1.07
2025-08-01,26.79,26.99,27.05,26.68,98148600,0.56,2738151406.0,1.38,0.15,0.41
2025-08-04,26.9,27.14,27.17,26.8,82320400,0.56,2311780582.0,1.37,0.15,0.34
2025-08-05,27.14,27.1,27.18,26.96,78715300,-0.15,2209870180.0,0.81,-0.04,0.33
2025-08-06,27.09,26.97,27.12,26.87,114493500,-0.48,3198859437.0,0.92,-0.13,0.48
2025-08-07,26.94,27.06,27.18,26.84,105195700,0.33,2948188366.0,1.26,0.09,0.44
2025-08-08,27.06,26.86,27.08,26.86,82497200,-0.74,2304820604.0,0.81,-0.2,0.34
2025-08-11,26.86,26.69,26.88,26.51,124355100,-0.63,3436843944.0,1.38,-0.17,0.52
2025-08-12,26.69,26.76,26.88,26.64,74318400,0.26,2065281068.0,0.9,0.07,0.31
2025-08-13,26.77,26.63,26.85,26.61,93425700,-0.49,2589154700.0,0.9,-0.13,0.39
2025-08-14,26.62,26.66,26.89,26.6,101758800,0.11,2824224358.0,1.09,0.03,0.42
2025-08-15,26.71,26.63,26.78,26.6,107230200,-0.11,2967736757.0,0.68,-0.03,0.45
2025-08-18,26.64,26.64,26.72,26.55,114736200,0.04,3169229161.0,0.64,0.01,0.48
2025-08-19,26.65,26.63,26.78,26.61,114602400,-0.04,3172704270.0,0.64,-0.01,0.48
2025-08-20,26.6,26.69,26.74,26.46,102225900,0.23,2820524963.0,1.05,0.06,0.43
2025-08-21,26.69,26.85,26.95,26.66,117934800,0.6,3284359052.0,1.09,0.16,0.49
2025-08-22,26.88,26.87,26.92,26.7,103210400,0.07,2866065221.0,0.82,0.02,0.43
2025-08-25,27.04,27.35,27.55,27.03,218566600,1.79,6194362996.0,1.94,0.48,0.91
2025-08-26,27.35,27.31,27.4,27.21,113061200,-0.15,3198022514.0,0.69,-0.04,0.47
2025-08-27,27.25,26.96,27.3,26.93,127532400,-1.28,3586735277.0,1.35,-0.35,0.53
2025-08-28,26.95,26.87,26.99,26.69,109296200,-0.33,3043101973.0,1.11,-0.09,0.46
2025-08-29,26.9,27.09,27.16,26.85,106729800,0.82,2996376746.0,1.15,0.22,0.44
2025-09-01,27.1,26.79,27.1,26.71,124608700,-1.11,3468108875.0,1.44,-0.3,0.52
2025-09-02,26.7,27.21,27.29,26.7,175144600,1.57,4918052711.0,2.2,0.42,0.73
2025-09-03,27.25,26.96,27.4,26.83,127133100,-0.92,3563092890.0,2.09,-0.25,0.53
2025-09-04,26.94,27.23,27.3,26.71,175848100,1.0,4929530683.0,2.19,0.27,0.73
2025-09-05,27.16,27.07,27.31,27.0,106951300,-0.59,3006365138.0,1.14,-0.16,0.45
2025-09-08,27.02,27.15,27.22,27.0,90074000,0.3,2532976861.0,0.81,0.08,0.38
2025-09-09,27.16,27.01,27.2,26.96,76131600,-0.52,2134208194.0,0.88,-0.14,0.32
2025-09-10,27.01,27.01,27.09,26.9,59861500,0.0,1675916918.0,0.7,0.0,0.25
2025-09-11,27.0,27.0,27.11,26.92,105396700,-0.04,2946879049.0,0.7,-0.01,0.44
2025-09-12,27.0,26.93,27.15,26.9,92972800,-0.26,2603224928.0,0.93,-0.07,0.39
2025-09-15,26.9,26.8,26.91,26.76,72565700,-0.48,2016875299.0,0.56,-0.13,0.3
2025-09-16,26.79,26.73,26.8,26.65,57512900,-0.26,1594342991.0,0.56,-0.07,0.24
2025-09-17,26.72,26.7,26.83,26.67,61492700,-0.11,1704493488.0,0.6,-0.03,0.26
2025-09-18,26.69,26.31,26.7,26.21,144843300,-1.46,3975030224.0,1.84,-0.39,0.6
2025-09-19,26.32,26.2,26.35,26.12,73467000,-0.42,1999478366.0,0.87,-0.11,0.31
2025-09-22,26.1,26.12,26.25,26.02,69683100,-0.31,1890783496.0,0.88,-0.08,0.29
2025-09-23,26.12,26.32,26.39,26.03,87247300,0.77,2375221478.0,1.38,0.2,0.36
2025-09-24,26.28,26.25,26.53,26.24,87441300,-0.27,2391918904.0,1.1,-0.07,0.36
2025-09-25,26.21,26.29,26.33,26.08,63429300,0.15,1726865388.0,0.95,0.04,0.26
2025-09-26,26.3,26.47,26.55,26.24,79408700,0.68,2177282260.0,1.18,0.18,0.33
2025-09-29,26.43,26.3,26.5,26.19,92703100,-0.64,2532328827.0,1.17,-0.17,0.39
2025-09-30,26.35,26.25,26.36,26.21,61882800,-0.19,1686097117.0,0.57,-0.05,0.26
2025-10-09,26.21,26.68,26.7,26.15,113249900,1.64,3112861218.0,2.1,0.43,0.47
2025-10-10,26.65,26.73,26.79,26.51,71260500,0.19,1973210960.0,1.05,0.05,0.3
2025-10-13,26.7,26.79,26.9,26.4,117498200,0.22,3255599090.0,1.87,0.06,0.49
2025-10-14,26.74,26.99,27.01,26.55,136669900,0.75,3807496908.0,1.72,0.2,0.57
2025-10-15,26.98,26.93,27.15,26.77,92632300,-0.22,2588206846.0,1.41,-0.06,0.39
2025-10-16,26.85,27.16,27.17,26.84,93973500,0.85,2639404753.0,1.23,0.23,0.39
2025-10-17,27.13,27.11,27.38,27.06,114702200,-0.18,3235603482.0,1.18,-0.05,0.48
2025-10-20,27.12,27.05,27.15,26.75,91423100,-0.22,2555513223.0,1.48,-0.06,0.38
2025-10-21,27.0,26.91,27.1,26.85,80163600,-0.52,2239195693.0,0.92,-0.14,0.33
2025-10-22,26.89,27.04,27.08,26.85,61919000,0.48,1734320789.0,0.85,0.13,0.26
2025-10-23,27.04,27.23,27.27,27.04,78558800,0.7,2215031621.0,0.85,0.19,0.33
2025-10-24,27.21,27.19,27.29,27.08,77060000,-0.15,2172735273.0,0.77,-0.04,0.32
2025-10-27,27.14,27.3,27.56,27.02,124842600,0.4,3534388258.0,1.99,0.11,0.52
2025-10-28,27.26,27.46,27.54,27.26,73263600,0.59,2082899503.0,1.03,0.16,0.31
2025-10-29,27.46,27.29,27.46,27.26,74054300,-0.62,2097455018.0,0.73,-0.17,0.31
2025-10-30,27.29,27.47,27.56,27.19,86717400,0.66,2465019759.0,1.36,0.18,0.36
2025-10-31,27.46,27.1,27.46,26.93,118470200,-1.35,3332582343.0,1.93,-0.37,0.49
2025-11-03,27.11,27.31,27.35,27.11,61378300,0.77,1735602286.0,0.89,0.21,0.26
2025-11-04,27.31,27.6,27.69,27.28,104942900,1.06,2995456129.0,1.5,0.29,0.44
2025-11-05,27.63,27.42,27.69,27.4,68579100,-0.65,1954741549.0,1.05,-0.18,0.29
2025-11-06,27.39,27.5,27.6,27.36,67392800,0.29,1920939279.0,0.88,0.08,0.28
2025-11-07,27.51,27.52,27.64,27.43,55141800,0.07,1572837493.0,0.76,0.02,0.23
2025-11-10,27.52,27.53,27.59,27.39,49334500,0.04,1406140642.0,0.73,0.01,0.21
2025-11-11,27.53,27.62,27.72,27.47,62517600,0.33,1788389426.0,0.91,0.09,0.26
2025-11-12,27.7,27.61,27.88,27.61,62970500,-0.04,1810844126.0,0.98,-0.01,0.26
2025-11-13,27.62,27.44,27.73,27.26,101232800,-0.62,2874569006.0,1.7,-0.17,0.42
2025-11-14,27.44,27.34,27.71,27.34,74762500,-0.36,2134920337.0,1.35,-0.1,0.31
2025-11-17,27.37,27.16,27.43,27.03,72559600,-0.66,2041952507.0,1.46,-0.18,0.3
2025-11-18,27.16,27.15,27.34,27.08,59013700,-0.04,1664566130.0,0.96,-0.01,0.25
2025-11-19,27.15,27.23,27.33,27.11,48159800,0.29,1359794725.0,0.81,0.08,0.2
2025-11-20,27.18,27.14,27.32,27.05,57611200,-0.33,1624414752.0,0.99,-0.09,0.24
2025-11-21,27.17,27.16,27.27,27.07,91994200,0.07,2591450861.0,0.74,0.02,0.38
2025-11-24,27.18,27.19,27.2,26.92,97179600,0.11,2725992366.0,1.03,0.03,0.4
2025-11-25,27.19,27.03,27.2,26.83,92985400,-0.59,2602515319.0,1.36,-0.16,0.39
2025-11-26,27.03,26.94,27.12,26.9,66273300,-0.33,1854668140.0,0.81,-0.09,0.28
2025-11-27,26.93,27.09,27.14,26.78,76869300,0.56,2152113661.0,1.34,0.15,0.32
2025-11-28,27.01,26.98,27.07,26.95,59018100,-0.41,1651765723.0,0.44,-0.11,0.25
2025-12-01,27.05,27.07,27.15,26.99,58252400,0.33,1634524009.0,0.59,0.09,0.24
2025-12-02,27.03,27.26,27.27,27.02,74878000,0.7,2111131853.0,0.92,0.19,0.31
2025-12-03,27.25,27.27,27.36,27.21,44560000,0.04,1260442579.0,0.55,0.01,0.19
2025-12-04,27.3,27.24,27.32,27.17,37996700,-0.11,1072988579.0,0.55,-0.03,0.16
2025-12-05,27.24,27.07,27.24,27.02,54497600,-0.62,1531066285.0,0.81,-0.17,0.23
2025-12-08,27.07,26.87,27.1,26.86,75426500,-0.74,2109155093.0,0.89,-0.2,0.31
2025-12-09,26.93,26.97,27.04,26.9,51230200,0.37,1432281938.0,0.52,0.1,0.21
2025-12-10,26.93,26.89,27.07,26.85,58539000,-0.3,1634914947.0,0.82,-0.08,0.24
2025-12-11,26.92,26.86,26.94,26.75,69563600,-0.11,1936057504.0,0.71,-0.03,0.29
2025-12-12,26.85,27.04,27.05,26.81,89870800,0.67,2509907080.0,0.89,0.18,0.37
2025-12-15,26.99,27.04,27.15,26.96,53946600,0.0,1514955530.0,0.7,0.0,0.22
2025-12-16,27.06,26.97,27.08,26.82,67907700,-0.26,1896170505.0,0.96,-0.07,0.28
2025-12-17,26.93,26.92,27.0,26.84,59243600,-0.19,1653641726.0,0.59,-0.05,0.25
2025-12-18,26.92,27.08,27.09,26.89,46419800,0.59,1300956749.0,0.74,0.16,0.19
2025-12-19,27.03,26.85,27.08,26.82,79999300,-0.85,2233930352.0,0.96,-0.23,0.33
2025-12-22,26.84,26.54,26.86,26.5,156403400,-1.15,4316199315.0,1.34,-0.31,0.65
2025-12-23,26.5,26.72,26.74,26.48,70945100,0.68,1962122211.0,0.98,0.18,0.3
2025-12-24,26.71,26.64,26.71,26.55,49994300,-0.3,1381469831.0,0.6,-0.08,0.21
2025-12-25,26.63,26.64,26.68,26.57,30080600,0.0,831149451.0,0.41,0.0,0.13
2025-12-26,26.61,26.64,26.67,26.52,48259300,0.0,1332687115.0,0.56,0.0,0.2
2025-12-29,26.64,26.52,26.64,26.5,68903300,-0.45,1897569339.0,0.53,-0.12,0.29
2025-12-30,26.5,26.32,26.5,26.32,72424700,-0.75,1982353612.0,0.68,-0.2,0.3
2025-12-31,26.35,26.19,26.37,26.17,74293000,-0.49,2021839640.0,0.76,-0.13,0.31
2026-01-05,26.2,26.28,26.31,26.1,76569100,0.34,2084118017.0,0.8,0.09,0.32
2026-01-06,26.3,26.44,26.44,26.24,73843700,0.61,2020307561.0,0.76,0.16,0.31
2026-01-07,26.44,26.23,26.45,26.22,72170200,-0.79,1970227485.0,0.87,-0.21,0.3
2026-01-08,26.23,26.26,26.3,26.19,47057300,0.11,1282365975.0,0.42,0.03,0.2
2026-01-09,26.27,26.29,26.29,26.18,62903500,0.11,1713592955.0,0.42,0.03,0.26
2026-01-12,26.29,26.4,26.45,26.22,78435600,0.42,2145881938.0,0.87,0.11,0.33
2026-01-13,26.45,26.36,26.57,26.32,78538500,-0.15,2154672433.0,0.95,-0.04,0.33
2026-01-14,26.45,25.81,26.54,25.8,292750100,-2.09,7941387446.0,2.81,-0.55,1.22
2026-01-15,25.98,25.82,26.01,25.77,125927400,0.04,3382187545.0,0.93,0.01,0.52
2026-01-16,25.88,25.52,26.03,25.44,238854600,-1.16,6368509096.0,2.29,-0.3,0.99
2026-01-19,25.61,25.8,25.92,25.6,104721800,1.1,2803299152.0,1.25,0.28,0.44
2026-01-20,25.8,25.88,25.94,25.73,105003400,0.31,2822226858.0,0.81,0.08,0.44
2026-01-21,25.89,25.58,25.9,25.55,116328200,-1.16,3105540544.0,1.35,-0.3,0.48
2026-01-22,25.58,25.31,25.72,25.3,180785000,-1.06,4779737327.0,1.64,-0.27,0.75
2026-01-23,25.36,25.0,25.42,24.96,210691500,-1.22,5502988264.0,1.82,-0.31,0.88
2026-01-26,25.05,24.98,25.28,24.86,202869800,-0.08,5283656766.0,1.68,-0.02,0.85
2026-01-27,24.98,24.93,25.14,24.86,131381500,-0.2,3416663130.0,1.12,-0.05,0.55
2026-01-28,24.93,24.65,24.94,24.61,232649800,-1.12,5985858969.0,1.32,-0.28,0.97
2026-01-29,24.65,25.03,25.2,24.38,261623000,1.54,6732321039.0,3.33,0.38,1.09
2026-01-30,25.04,25.36,25.57,25.04,223849200,1.32,5906700028.0,2.12,0.33,0.93
2026-02-02,25.49,25.14,25.55,25.09,124225700,-0.87,3267262732.0,1.81,-0.22,0.52
2026-02-03,25.2,25.0,25.23,24.91,88543800,-0.56,2302972625.0,1.27,-0.14,0.36
2026-02-04,24.97,25.38,25.39,24.95,95705200,1.52,2512165683.0,1.76,0.38,0.39
2026-02-05,25.42,25.6,25.69,25.35,103244800,0.87,2739767940.0,1.34,0.22,0.42
2026-02-06,25.6,25.52,25.77,25.38,72562700,-0.31,1922388504.0,1.52,-0.08,0.3
2026-02-09,25.53,25.46,25.57,25.28,67829100,-0.24,1792121462.0,1.14,-0.06,0.28
2026-02-10,25.46,25.57,25.6,25.37,55920100,0.43,1483185481.0,0.9,0.11,0.23
2026-02-11,25.58,25.48,25.59,25.41,53388200,-0.35,1412807447.0,0.7,-0.09,0.22
2026-02-12,25.48,25.33,25.51,25.26,73734200,-0.59,1925902011.0,0.98,-0.15,0.3
2026-02-13,25.34,25.21,25.39,25.16,71554100,-0.47,1863613082.0,0.91,-0.12,0.29
2026-02-24,25.34,25.26,25.37,25.19,73078900,0.2,1903435481.0,0.71,0.05,0.3
2026-02-25,25.29,25.18,25.41,25.16,95621000,-0.32,2492461852.0,0.99,-0.08,0.39
2026-02-26,25.19,25.25,25.3,25.14,61977200,0.28,1611605301.0,0.64,0.07,0.25
2026-02-27,25.26,25.25,25.39,25.23,91903800,0.0,2396913236.0,0.63,0.0,0.38
2026-03-02,25.33,25.78,25.86,25.33,181772900,2.1,4815661932.0,2.1,0.53,0.74
2026-03-03,25.78,26.18,26.31,25.74,214554700,1.55,5763725302.0,2.21,0.4,0.88
2026-03-04,26.01,26.3,26.4,25.73,175735400,0.46,4731660303.0,2.56,0.12,0.72
2026-03-05,26.19,26.29,26.45,26.05,132914900,-0.04,3600687805.0,1.52,-0.01,0.54
2026-03-06,26.27,26.35,26.36,26.19,87836900,0.23,2377351285.0,0.65,0.06,0.36
2026-03-09,26.37,26.41,26.84,26.3,207502800,0.23,5674816795.0,2.05,0.06,0.85
2026-03-10,26.22,26.36,26.45,25.94,119285700,-0.19,3217091405.0,1.93,-0.05,0.49
2026-03-11,26.36,26.51,26.52,26.16,89744500,0.57,2439249557.0,1.37,0.15,0.37
2026-03-12,26.53,26.71,26.71,26.37,107896200,0.75,2951508824.0,1.28,0.2,0.44
2026-03-13,26.71,26.63,26.84,26.56,94277600,-0.3,2590387280.0,1.05,-0.08,0.39
2026-03-16,26.63,26.57,26.71,26.45,87203800,-0.23,2388063540.0,0.98,-0.06,0.36
2026-03-17,26.53,26.7,26.78,26.49,85028900,0.49,2338113044.0,1.09,0.13,0.35
2026-03-18,26.69,26.5,26.86,26.45,80029000,-0.75,2191462951.0,1.54,-0.2,0.33
2026-03-19,26.48,26.47,26.69,26.41,101525800,-0.11,2777309817.0,1.06,-0.03,0.41
2026-03-20,26.47,26.39,26.6,26.23,84555500,-0.3,2299198422.0,1.4,-0.08,0.35
2026-03-23,26.28,25.95,26.47,25.87,175727100,-1.67,4727621378.0,2.27,-0.44,0.72
2026-03-24,26.11,26.31,26.34,25.93,91076700,1.39,2455035706.0,1.58,0.36,0.37
2026-03-25,26.36,26.42,26.48,26.13,86054500,0.42,2335396506.0,1.33,0.11,0.35
2026-03-26,26.4,26.52,26.66,26.31,84501400,0.38,2305295042.0,1.32,0.1,0.35
2026-03-27,26.49,26.46,26.61,26.39,68551700,-0.23,1869448582.0,0.83,-0.06,0.28
2026-03-30,26.46,26.35,26.46,26.22,69278100,-0.42,1880990759.0,0.91,-0.11,0.28
2026-03-31,26.35,26.25,26.54,26.25,80258900,-0.38,2181329248.0,1.1,-0.1,0.33
2026-04-01,26.33,26.09,26.33,26.05,90608200,-0.61,2440214452.0,1.07,-0.16,0.37
2026-04-02,26.11,26.22,26.23,25.97,73984900,0.5,1988851813.0,1.0,0.13,0.3
2026-04-03,26.21,25.91,26.21,25.87,65627700,-1.18,1757122436.0,1.3,-0.31,0.27
2026-04-07,25.92,25.69,25.96,25.61,72627200,-0.85,1926064162.0,1.35,-0.22,0.3
2026-04-08,25.73,25.79,25.79,25.6,80620000,0.39,2138241990.0,0.74,0.1,0.33
2026-04-09,25.79,25.6,25.79,25.52,69128500,-0.74,1824031017.0,1.05,-0.19,0.28
2026-04-10,25.68,25.61,25.71,25.53,66558900,0.04,1756489575.0,0.7,0.01,0.27
2026-04-13,25.6,25.63,25.64,25.45,62626400,0.08,1648289578.0,0.74,0.02,0.26
2026-04-14,25.63,25.63,25.71,25.53,70116600,0.0,1848972432.0,0.7,0.0,0.29
2026-04-15,25.62,25.76,25.88,25.57,97056600,0.51,2576891492.0,1.21,0.13,0.4
2026-04-16,25.77,25.76,25.91,25.73,71958600,0.0,1912488030.0,0.7,0.0,0.29
2026-04-17,25.76,25.59,25.79,25.59,83606700,-0.66,2214978373.0,0.78,-0.17,0.34
2026-04-20,25.62,26.05,26.05,25.62,95041800,1.8,2538195456.0,1.68,0.46,0.39
2026-04-21,26.07,26.34,26.36,26.06,90443200,1.11,2446267987.0,1.15,0.29,0.37
2026-04-22,26.34,26.07,26.34,26.03,74160900,-1.03,1997674385.0,1.18,-0.27,0.3
2026-04-23,26.07,26.16,26.22,25.87,84590800,0.35,2270225989.0,1.34,0.09,0.35
2026-04-24,26.12,26.02,26.16,25.96,56446400,-0.54,1514495496.0,0.76,-0.14,0.23
2026-04-27,26.01,25.87,26.06,25.83,56259900,-0.58,1504214891.0,0.88,-0.15,0.23
2026-04-28,25.89,25.94,25.99,25.82,70060800,0.27,1869479612.0,0.66,0.07,0.29
2026-04-29,25.92,25.98,26.01,25.81,85596100,0.15,2284682165.0,0.77,0.04,0.35
2026-04-30,26.3,26.53,26.63,26.15,191463700,2.12,5218424711.0,1.85,0.55,0.78
2026-05-06,26.55,26.41,26.55,26.25,123775000,-0.45,3359761259.0,1.13,-0.12,0.51
2026-05-07,26.39,26.26,26.41,26.11,97328300,-0.57,2633218235.0,1.14,-0.15,0.4
2026-05-08,26.27,26.21,26.37,26.19,80442300,-0.19,2173718079.0,0.69,-0.05,0.33
2026-05-11,26.26,26.22,26.41,26.16,103095300,0.04,2787957982.0,0.95,0.01,0.42
2026-05-12,26.22,26.25,26.38,26.12,101176200,0.11,2738732723.0,0.99,0.03,0.41
2026-05-13,26.29,26.21,26.5,26.18,139691900,-0.15,3785965443.0,1.22,-0.04,0.57
2026-05-14,26.19,26.15,26.29,26.06,110294200,-0.23,2971318672.0,0.88,-0.06,0.45
2026-05-15,26.11,26.24,26.36,25.93,118755500,0.34,3202012497.0,1.64,0.09,0.49
2026-05-18,26.25,26.1,26.39,26.02,91589800,-0.53,2465321894.0,1.41,-0.14,0.37
2026-05-19,26.1,26.46,26.56,25.98,172564600,1.38,4692289634.0,2.22,0.36,0.71
2026-05-20,26.46,26.11,26.49,26.08,128434400,-1.32,3473080686.0,1.55,-0.35,0.52
2026-05-21,26.07,25.87,26.18,25.84,116610000,-0.92,3127663670.0,1.3,-0.24,0.48
2026-05-22,25.94,25.77,25.97,25.71,91588800,-0.39,2436330692.0,1.01,-0.1,0.37
2026-05-25,25.81,25.88,26.04,25.76,84154400,0.43,2245695731.0,1.09,0.11,0.34
2026-05-26,25.87,26.35,26.36,25.8,162653000,1.82,4397744505.0,2.16,0.47,0.66
2026-05-27,26.27,26.45,26.54,26.22,111271500,0.38,3026248640.0,1.21,0.1,0.45
2026-05-28,26.46,26.43,26.58,26.32,114657300,-0.08,3124821006.0,0.98,-0.02,0.47
2026-05-29,26.41,26.96,26.97,26.29,213437100,2.01,5888377325.0,2.57,0.53,0.87
2026-06-01,26.95,26.98,27.08,26.76,139278100,0.07,3861503134.0,1.19,0.02,0.57
2026-06-02,27.03,27.17,27.36,26.83,125757400,0.7,3513868172.0,1.96,0.19,0.51
2026-06-03,27.06,27.1,27.19,26.72,114300600,-0.26,3168757471.0,1.73,-0.07,0.47
2026-06-04,27.04,26.93,27.17,26.82,87497200,-0.63,2430916403.0,1.29,-0.17,0.36
2026-06-05,26.93,26.82,27.31,26.72,109413600,-0.41,3042122314.0,2.19,-0.11,0.45
2026-06-08,26.71,26.72,26.82,26.47,118065500,-0.37,3238081015.0,1.3,-0.1,0.48
2026-06-09,26.72,26.84,26.91,26.6,88253600,0.45,2433424842.0,1.16,0.12,0.36
2026-06-10,26.81,26.9,27.03,26.64,88750000,0.22,2457850309.0,1.45,0.06,0.36
2026-06-11,26.9,27.1,27.16,26.81,99125000,0.74,2759358768.0,1.3,0.2,0.41
2026-06-12,26.98,27.49,27.5,26.88,149424500,1.44,4191923900.0,2.29,0.39,0.61
2026-06-15,27.45,26.78,27.45,26.6,207661200,-2.58,5743667948.0,3.09,-0.71,0.85
2026-06-16,26.62,26.4,26.66,26.35,120599300,-1.42,3287063796.0,1.16,-0.38,0.49
2026-06-17,26.43,26.21,26.48,26.12,103444200,-0.72,2794894312.0,1.36,-0.19,0.42
2026-06-18,26.14,25.87,26.19,25.86,129594500,-1.3,3466900701.0,1.26,-0.34,0.53
2026-06-22,25.87,26.15,26.3,25.72,149732900,1.08,4009564149.0,2.24,0.28,0.61
2026-06-23,26.14,26.08,26.46,26.07,118565500,-0.27,3206812850.0,1.49,-0.07,0.48
2026-06-24,26.08,25.81,26.21,25.77,113456100,-1.04,3026880697.0,1.69,-0.27,0.46
2026-06-25,25.71,25.43,25.79,25.41,132187600,-1.47,3482768792.0,1.47,-0.38,0.54
2026-06-26,25.46,25.86,25.93,25.36,128265200,1.69,3395741671.0,2.24,0.43,0.52
2026-06-29,25.76,26.05,26.11,25.47,123257900,0.73,3286300313.0,2.47,0.19,0.5
2026-06-30,25.92,25.68,26.05,25.59,102277700,-1.42,2712032641.0,1.77,-0.37,0.42
2026-07-01,25.65,25.85,25.93,25.57,90939800,0.66,2417436712.0,1.4,0.17,0.37
2026-07-02,26.0,26.16,26.3,25.76,140055300,1.2,3761292696.0,2.09,0.31,0.57
2026-07-03,26.17,26.26,26.44,26.02,102824300,0.38,2779267352.0,1.61,0.1,0.42
2026-07-06,26.12,26.4,26.41,25.99,92457700,0.53,2502075780.0,1.6,0.14,0.38
2026-07-07,26.4,26.62,26.67,26.26,126822000,0.83,3460604485.0,1.55,0.22,0.52
2026-07-08,26.59,27.04,27.36,26.46,164844000,1.58,4582942182.0,3.38,0.42,0.67
2026-07-09,26.91,26.98,27.06,26.74,116039900,-0.22,3214016729.0,1.18,-0.06,0.47
2026-07-10,26.96,27.24,27.33,26.81,147074300,0.96,4103252830.0,1.93,0.26,0.6
2026-07-13,27.14,27.63,27.69,27.01,200809200,1.43,5671275769.0,2.5,0.39,0.82
2026-07-14,27.61,27.76,27.94,27.42,159241000,0.47,4530406161.0,1.88,0.13,0.65
2026-07-15,27.61,27.89,27.98,27.46,119360900,0.47,3415566785.0,1.87,0.13,0.49
2026-07-16,27.86,27.45,27.97,27.34,146113500,-1.58,4139610581.0,2.26,-0.44,0.6
2026-07-17,27.61,27.99,28.19,27.35,242860100,1.97,6802221692.0,3.06,0.54,0.99
2026-07-20,27.75,28.98,28.98,27.75,229266900,3.54,6567613792.0,4.39,0.99,0.94
2026-07-21,29.0,28.73,29.54,28.51,255005600,-0.86,7372431513.0,3.55,-0.25,1.04
2026-07-22,28.53,29.09,29.09,28.34,168282600,1.25,4833398608.0,2.61,0.36,0.69
2026-07-23,29.09,28.94,29.17,28.66,108155300,-0.52,3122728895.0,1.75,-0.15,0.44
2026-07-24,29.2,28.9,29.3,28.75,102175800,-0.14,2952607877.0,1.9,-0.04,0.42
2026-07-27,29.15,28.35,29.15,28.3,138719300,-1.9,3951796879.0,2.94,-0.55,0.57
2026-07-28,28.45,29.07,29.07,28.31,161302800,2.54,4643667790.0,2.68,0.72,0.66
2026-07-29,29.5,28.93,29.57,28.7,131444100,-0.48,3804789457.0,2.99,-0.14,0.54
2026-07-30,28.85,29.49,29.53,28.81,193063400,1.94,5667026325.0,2.49,0.56,0.79
2026-07-31,28.99,29.09,29.09,28.47,172339500,-1.36,4958587427.0,2.1,-0.4,0.7
2026-08-03,28.99,29.05,29.2,28.75,101801000,-0.14,2949045835.0,1.55,-0.04,0.42
2026-08-04,28.89,28.3,29.02,28.18,150898500,-2.58,4287876494.0,2.89,-0.75,0.62
2026-08-05,28.28,27.76,28.3,27.65,162011800,-1.91,4502975337.0,2.3,-0.54,0.66
2026-08-06,27.77,27.75,27.83,27.57,107092700,-0.04,2963193717.0,0.94,-0.01,0.44
2026-08-07,27.76,27.75,27.84,27.51,103438300,0.0,2860787286.0,1.19,0.0,0.42
2026-08-10,27.68,28.05,28.21,27.57,118747300,1.08,3321846355.0,2.31,0.3,0.49
2026-08-11,28.09,28.31,28.4,27.96,109150700,0.93,3087915915.0,1.57,0.26,0.45
2026-08-12,28.21,28.02,28.3,27.96,68860400,-1.02,1932456903.0,1.2,-0.29,0.28
2026-08-13,27.9,28.24,28.24,27.8,76608000,0.79,2149278508.0,1.57,0.22,0.31
2026-08-14,28.11,28.1,28.21,27.93,73543300,-0.5,2067064986.0,0.99,-0.14,0.3
2026-08-17,28.08,27.96,28.15,27.91,75398000,-0.5,2108947681.0,0.85,-0.14,0.31
2026-08-18,27.92,28.12,28.15,27.91,71508600,0.57,2006062074.0,0.86,0.16,0.29
2026-08-19,28.24,28.42,28.43,28.07,128036200,1.07,3623005629.0,1.28,0.3,0.52
2026-08-20,28.21,28.16,28.35,28.02,82162400,-0.91,2312546485.0,1.16,-0.26,0.34
2026-08-21,28.15,27.96,28.23,27.93,63514700,-0.71,1779819532.0,1.07,-0.2,0.26
2026-08-24,27.93,28.15,28.25,27.86,93557300,0.68,2629092938.0,1.39,0.19,0.38
2026-08-25,28.16,28.21,28.39,28.12,90148600,0.21,2546238002.0,0.96,0.06,0.37
2026-08-26,28.2,28.24,28.49,28.12,76106300,0.11,2155589479.0,1.31,0.03,0.31
2026-08-27,28.19,28.1,28.28,27.9,94775400,-0.5,2658024415.0,1.35,-0.14,0.39
2026-08-28,28.01,28.05,28.07,27.87,67454400,-0.18,1886753422.0,0.71,-0.05,0.28
2026-08-31,28.01,28.09,28.14,27.8,98206700,0.14,2746323620.0,1.21,0.04,0.4
2026-09-01,28.02,28.4,28.46,27.9,124047300,1.1,3507221780.0,1.99,0.31,0.51
2026-09-02,28.49,28.72,28.85,28.35,124955300,1.13,3581667647.0,1.76,0.32,0.51
2026-09-03,28.62,28.44,28.82,28.41,73811500,-0.97,2111883535.0,1.43,-0.28,0.3
2026-09-04,28.38,28.42,28.59,28.34,68260300,-0.07,1941587643.0,0.88,-0.02,0.28
2026-09-07,28.4,27.85,28.47,27.78,159766000,-2.01,4468951082.0,2.43,-0.57,0.65
2026-09-08,27.84,27.87,27.89,27.63,91849100,0.07,2551462999.0,0.93,0.02,0.38
2026-09-09,27.81,28.05,28.07,27.7,70031400,0.65,1956050913.0,1.33,0.18,0.29
2026-09-10,28.05,28.09,28.18,27.93,61551800,0.14,1727430920.0,0.89,0.04,0.25
2026-09-11,28.1,28.45,28.57,27.95,159835700,1.28,4537191295.0,2.21,0.36,0.65
2026-09-14,28.42,28.63,28.84,28.38,91971900,0.63,2630741609.0,1.62,0.18,0.38
2026-09-15,28.63,28.5,28.68,28.42,60698100,-0.45,1730569180.0,0.91,-0.13,0.25
2026-09-16,28.46,28.46,28.58,28.25,57665600,-0.14,1637465743.0,1.16,-0.04,0.24
2026-09-17,28.44,28.46,28.56,28.11,62337400,0.0,1768595625.0,1.58,0.0,0.25
2026-09-18,28.33,28.27,28.46,28.19,71897500,-0.67,2034531513.0,0.95,-0.19,0.29
2026-09-21,28.16,28.1,28.19,28.02,66670000,-0.6,1873572929.0,0.6,-0.17,0.27
2026-09-22,28.03,28.05,28.15,27.93,32087500,-0.18,899506444.0,0.78,-0.05,0.13
